Temperature (째C),Reaction Rate
25째C,0.044349599678579855
50째C,0.2737842966393982
100째C,0.21753952568953594
