Temperature (째C),Volume Fraction
25째C,0.0007453881599999999
50째C,0.00082875501
100째C,0.00059166966
