Temperature (째C),Reaction Rate
25째C,1.8382685328252846e-10
50째C,1.2617900605113964e-35
100째C,0.0
