Temperature (째C),Carbonation Percentage
25째C,83.77989405322708
50째C,95.22670831501237
100째C,97.92516355245212
