Temperature (째C),Reaction Rate
25째C,0.07755647561654007
50째C,0.2737842966393982
100째C,0.010562667300222903
