Temperature (째C),Volume Fraction
25째C,0.060854701
50째C,0.072009811
100째C,0.082560941
