Surface Area,Percentage Passed
"140,000 km²",0.0
"696,240 km²",11.553078287306816
"1,400,000 km²",46.034963263237906
