Temperature (째C),Carbonation Percentage
25째C,15.35212640190678
50째C,17.838333022220528
100째C,33.82258366120621
