Temperature (째C),Volume Fraction
25째C,0.30496618
50째C,0.30253821
100째C,0.1997981
