Temperature (째C),Volume Fraction
25째C,0.060688238
50째C,0.075123144
100째C,0.15872968
