Temperature (째C),Reaction Rate
25째C,0.0771242005048332
50째C,0.2798842984274192
100째C,0.009552208385638614
