,Temperature,NaOH,Mg++,Seed Volume Fraction
0,20,32,32,1E-10
1,30,50,80,0.000000001
2,40,100,160,0.00000001
3,50,200,250,0.0000001
4,60,300,300,0.000001
5,70,400,350,0.00001
6,80,500,400,0.0001
7,90,600,450,0.0032
8,100,800,550,
9,,900,660,
10,,1000,,