Temperature (째C),Carbonation Percentage
25째C,85.32834852985143
50째C,95.22670831501237
100째C,67.98481270316469
