Temperature (째C),Carbonation Percentage
25째C,3.5616451131224826e-06
50째C,2.4447181260835227e-31
100째C,0.0
